Biomarker,Direction,Threshold,MeanImportance,Weight
3-Hydroxykynurenine,>,18.0656,0.02768803,0.18925605451766014
A2MG_HUMAN|NEDSLVFVQTDK|y6+,>,0.038,0.011140742,0.076150339
A4_HUMAN|LVFFAEDVGSNK|y9+,<,8.2524,0.013486487,0.092184215
Abeta1-42,<,466.7,0.006265197,0.042824515
APOA1_HUMAN|ATEHLSTLSEK|y3+,>,0.0065,0.011191486,0.07649719
APOE_HUMAN|LAVYQAGAR|y6+,<,1.0747,0.010939773,0.074776655
CATD_HUMAN|LVDQNIFSFYLSR|y7+,>,5.9034,0.008814605,0.06025049
CATD_HUMAN|VSTLPAITLK|y6+,>,0.3437,0.006328756,0.043258960300352485
N-Acetylputrescine,>,52.40865,0.017115505,0.11698965030655069
PRDX1_HUMAN|LVQAFQFTDK|y7+,>,0.5066,0.012626176,0.08630373
PRDX2_HUMAN|IGKPAPDFK|y4+,>,0.7565,0.00633103,0.043274503777731455
